"ticker","skew","kurt","avg","sdev","sharpe","cor_wti","cor_es1","cor_yld10y","cor_effr","beta_wti","beta_es1","beta_yld10y","beta_effr"
"AAPL",-1.23053045326841e-07,1.82810884447958e-07,-0.00083250037671315,0.0126551049927054,-0.0657837589805074,0.0929134308944458,0.54677424031931,0.105582842239473,-0.000105767561285856,0.0500697604337102,5.28367260034555,0.00250551014623419,-2.28912371900632e-06
"ABBV",3.40593965538613e-06,1.59947871603724e-06,-0.000945242537898813,0.0161251829126464,-0.0586190273325515,0.0568833943091647,0.482546585218743,0.125244918019456,-0.0913473804455859,0.0366954005226368,5.5865070224721,0.00355929720971687,-0.00236832871297753
"ABT",2.14616596642736e-06,2.08860969577734e-07,-0.000728271550758027,0.0119602812268877,-0.0608908383459088,0.0701637463157191,0.607132253402528,0.158227406975541,-0.0169159078627858,0.118029676592474,18.3289136848932,0.0118020717189625,-0.00114365099513685
"ACN",2.24311493626769e-06,1.87898073617225e-07,-0.000513334562706659,0.0110371753088004,-0.0465095958290484,0.103495802914149,0.653385434418102,0.171156336810085,-0.140234051004938,0.0683924517000551,7.74479484449841,0.00496902047243496,-0.00372221251745345
"ADBE",-8.99587261531513e-07,5.45589894084716e-07,-0.0015242162091443,0.0141094380842156,-0.108028129826761,0.0505207803979993,0.545454267222835,0.0636197526611001,-0.0980754567639339,0.0221343129252172,4.28533892156429,0.00122668331242359,-0.00172574288910021
"ADI",1.37514779037966e-06,2.49398203557146e-07,-0.000843087564900287,0.0140995075183325,-0.059795532844256,0.0589722970935363,0.56869785372257,0.189273077258777,-0.0660566592079193,0.0515199178301692,8.91176531463007,0.00724741597891824,-0.00231796019424167
"ADM",2.4273732844496e-06,4.29995524338678e-07,-0.000333042458228659,0.0139023368100589,-0.023955861721584,0.188830377695872,0.410513252447626,0.0783589437202287,-0.00430139941245847,0.306993359055355,11.9712454639599,0.00579939140578402,-0.000280885384337214
"ADP",8.82382472979419e-07,2.57145465015813e-07,-0.000433481412978591,0.0120143111040601,-0.0360804218589031,0.0499632274975669,0.513854099154085,0.132720450921896,-0.0846102019041498,0.0375731640774437,6.93141887194336,0.00439782814708566,-0.00255571408603286
"ADSK",7.79768315395945e-06,4.17115520742722e-06,-0.00139161329118391,0.0203976789854974,-0.06822410001517,0.0748184461949212,0.452167838342833,0.0934968662335892,-0.0324784176053015,0.0350951073712848,3.80445625258088,0.00193086007573458,-0.000611920501083278
"AEP",4.68301969047077e-07,3.10826602076531e-08,-0.000120337411908876,0.00929413340512876,-0.0129476742654104,-0.0628153596560275,0.186039995764083,-0.363759257737637,-0.0860512684525445,-0.097921606330274,5.20204415734204,-0.0250288174095499,-0.0053880573050615
"AET",-2.119677176643e-06,2.97802840313526e-07,-0.00074804514821829,0.0122864550884528,-0.0608837246246336,0.0641298249087767,0.368283256997144,0.202366724663576,0.000930237949561255,0.0343377744416975,3.53711434526477,0.00476513012577141,2.00063744607406e-05
"AGN",9.49909705076258e-06,2.14890512533612e-06,0.00117971823695495,0.0184479238692407,0.0639485638230521,0.0433818582481619,0.331256235866538,0.0604308717687324,0.0713828615756787,0.010314977020689,1.41279520234529,0.000631357865416055,0.000681736142399929
"AIG",2.52574956931177e-06,3.78082581191766e-07,5.00183282140454e-05,0.0120969432947029,0.00413479066533675,0.172893324325088,0.465151323635143,0.332395631752923,-0.0411016705102934,0.22985013069305,11.0921523594085,0.0194572546532674,-0.00219476615670346
"ALGN",-2.28421209597101e-06,2.02575454036837e-06,-0.00226254049075922,0.0192793200116435,-0.117355824240315,0.0763862331600081,0.446921093243155,0.0593910569155173,-0.0829632417996937,0.0195658566753146,2.0533815768879,0.000669874810412006,-0.000853555448036435
"ALXN",1.34020078727785e-05,3.12898872683291e-06,0.000848361499896177,0.0243812448976293,0.0347956596744028,0.0374316761906464,0.349979432334371,0.131101934937743,0.0481654342732005,0.0114475345047023,1.91986301982952,0.00179393406020495,0.00059165755906099
"AMAT",9.26864146575733e-08,1.00536942937773e-06,-0.00176311850471349,0.0187974868103142,-0.0937954377893788,0.0566911399905322,0.561292385999588,0.134156777987158,-0.0331229645897904,0.0660774390992641,11.734975814882,0.00687517547749102,-0.00155070598950123
"AMD",-6.14198601080242e-06,5.80653857753614e-05,-0.00167048520238719,0.0409516873369551,-0.0407916086251159,0.0582175979068464,0.2817725827594,0.110677069665692,-2.41951136013914e-05,0.139466814446722,12.107942975139,0.011659883522215,-2.32812618663655e-06
"AMGN",3.14410006979264e-06,4.42314450606448e-07,-0.000199088411679708,0.0135099116783835,-0.0147364702611831,0.10215139844899,0.567618653030876,0.215444169109738,-0.018940910588564,0.0435750907254168,4.34315848409425,0.00404387436765273,-0.000324531673003085
"AMT",1.12168161804208e-06,1.18451649388595e-07,-0.000654949562412439,0.0113106361055548,-0.0579056346875827,0.071711663221656,0.327899363495209,-0.197483366210241,-0.0332832611354413,0.0475575301242067,3.90054331473532,-0.00576119945371816,-0.000886579367014159
"AMZN",-3.13723055672189e-06,5.84045398984437e-07,-0.00173739124096956,0.0141954644321971,-0.122390588153561,0.113568132322217,0.491957087083197,0.0451187140130987,-0.0676767468790642,0.00743268755026208,0.577361008624362,0.000129885574723137,-0.000177888808295957
"ANTM",1.60901045169386e-08,1.44584730414757e-07,-0.000836072270921286,0.0133359936414434,-0.0626929116345015,0.11655906157415,0.490789504252935,0.178297565629052,-0.0803684517160845,0.0470110186479102,3.55061775984456,0.00316974707387465,-0.00130197148415582
"APA",-1.02546630323822e-06,1.12178607079489e-06,0.000678541760656161,0.022266814416072,0.0304732301611314,0.575433742070184,0.365396434152039,0.227730492814004,0.00900451837612117,0.477070166095974,5.43383283831429,0.00836428210235798,0.000299853880843901
"APC",-3.65066202219626e-06,1.2166273458102e-06,-0.000370837197323722,0.0203080558823587,-0.018260595670601,0.607813325778162,0.400881870772679,0.203924028475673,-0.0533081674949211,0.502765613358752,5.94794303510934,0.00742759591076342,-0.00177113372943871
"APTV",2.99752849690417e-06,3.69739110035559e-07,0.000290936895031428,0.0173280128691307,0.0167899745474983,0.309872794139149,0.748487733462516,0.519736696844348,-0.214011436965478,0.169900124662846,15.8260513672503,0.0119737627782378,-0.00639152422902793
"ATVI",-5.91120765829327e-06,1.6471378132969e-06,-0.00115744028204844,0.0183051419570223,-0.0632303363047356,0.0272794278451081,0.493171473229174,0.0557384157460349,-0.048071326018381,0.0264136080081074,8.56290755368815,0.00238294748739899,-0.00186938318238323
"AVGO",1.55260446623055e-07,3.337578071151e-07,-0.000795816782809704,0.0161219429974025,-0.0493623369675678,0.0545836801731179,0.46663052271166,0.0670570476231334,-0.0404706759560483,0.0145877324249384,2.23693390984816,0.000788906254373397,-0.000434437878697453
"AXP",-1.29500895914061e-07,2.24414665664464e-07,-0.000798161210014302,0.0118450826301879,-0.0673833382960232,0.169405961000317,0.693885315128409,0.321562358168658,-0.0378784939738279,0.172559231835152,12.6780436360793,0.0143959325406681,-0.00154976006376375
"AZO",1.03071275001867e-05,1.46457847421447e-06,0.000596229809836173,0.0155973847114915,0.038226268112557,0.0400008303153282,0.299267784436136,0.0242846176431979,0.016362348926177,0.00367784838952801,0.493559845600321,9.83907503348769e-05,6.04272342548973e-05
"BA",-3.09529160931822e-07,2.98159750544131e-07,-0.00187573519348882,0.0130818181538709,-0.143384900434026,0.131423925941646,0.585819467969835,0.189152388547703,-0.0938207434623692,0.0377889014564356,3.02140306581161,0.00239544861385015,-0.00108355497806195
"BAC",2.26980300717893e-06,4.09557840350113e-07,-0.00147855682452475,0.0158525149308581,-0.0932695430960691,0.15253125501365,0.660514122418326,0.5654405057338,0.0179906265595972,0.416130499290181,32.3227160180735,0.0676582382191291,0.00197142038897615
"BAX",1.03455550439591e-06,1.06674182894602e-07,-0.000856056513535603,0.0112300357862179,-0.0762291883865767,0.104389185542507,0.581360756716493,0.0933192427220399,-0.0627857366707119,0.159707893875137,15.9540746871013,0.00623015009655226,-0.00385828334914358
"BBT",1.42525995666924e-06,1.71826980044143e-07,-0.000888733770899825,0.0125259065305569,-0.0709516527791231,0.195921383724744,0.653726195517088,0.525706182599519,-0.0435534263660268,0.340386741445489,20.3723776809206,0.040134804122651,-0.00303931262356142
"BBY",-1.32582894530175e-05,4.92790242170824e-06,-0.00132731090998726,0.0221712580455763,-0.0598662875718993,0.01066632889762,0.318664968437567,0.10365311537938,-0.00527996625580033,0.00878444040127497,4.70748004496251,0.00377496684171397,-0.000174659626736939
"BDX",4.8285571595542e-07,1.42259567232101e-07,-0.000640459143643594,0.0112525063331736,-0.0569170213888662,0.0606998629005364,0.549921108523658,0.0293796046147421,-0.087960641939339,0.0259769741189907,4.22139777354938,0.00054645904682083,-0.00151199896136529
"BIDU",1.11318778863726e-06,6.26109163132595e-07,-0.00023371994399122,0.0176200263066942,-0.0132644492081391,0.141014455428138,0.451919281725182,0.0787369843862859,-0.0621025598463671,0.0362829932893386,2.08512061490347,0.000886080988986424,-0.000641754221294468
"BIIB",4.30479292335096e-06,1.48462881067256e-06,0.000134567174538836,0.0185070650260288,0.00727112453268941,0.0178958539792442,0.379126303819361,0.138436363148852,-0.00798470581007692,0.00310926486708293,1.18152861463113,0.0010586414763523,-5.57219700866387e-05
"BK",2.49500070027008e-06,2.88706797671554e-07,-0.000613629665712243,0.0130124307828041,-0.0471571896100422,0.183073325111405,0.663557686249013,0.454427583123919,-0.0301152065810841,0.288053508092951,18.7275867830817,0.0314209379380581,-0.0019032515707522
"BKNG",-3.45497217870407e-07,7.35162062088122e-08,0.0027350623787423,0.0141490579615953,0.193303496682681,0.026107862322151,0.748716967141726,0.362871426660923,-0.349934918459938,0.000998209659622619,0.996634636980125,0.000425877333140559,-0.000885062288805345
"BLK",1.14468253137612e-06,1.58096979884219e-07,-0.000880206563366098,0.0123235513489389,-0.0714247491200568,0.194774231045476,0.767768539644174,0.349487545173755,-0.0483980572755202,0.0342141212569382,2.41913017737274,0.00270647998305129,-0.000341479055912505
"BLUE",-9.15769342410059e-07,1.03075581546678e-05,-0.00201035197928954,0.0394181115727208,-0.0510007176670736,0.0547281654274607,0.287990836548427,0.149395066147041,-0.0165171475490554,0.0131449443913981,1.2407422392209,0.00157963832430746,-0.000159347466364791
"BMY",2.11651525820542e-05,3.66720095492866e-06,0.000145644460924867,0.0174152667373606,0.00836303360271933,-0.0095578370072569,0.277016583956638,0.0409426945574795,-0.0440818465514102,-0.00887341039321814,4.61308813806705,0.00167074381070129,-0.00164381514527263
"BP",4.88291391475321e-07,1.37684255980055e-07,-0.000734962243642356,0.0126441322474123,-0.0581267444266703,0.537539171549352,0.536053453480132,0.133518200128404,-0.0509541940742178,1.15783611143481,20.710954098795,0.0126830350845343,-0.00440838139566792
"BRK_B",6.97440432662871e-07,8.56681572917336e-08,-0.000576963152437725,0.009530695761855,-0.0605373591660456,0.151647077194398,0.806915063645947,0.336054066451905,-0.0302872299336323,0.0831908155232718,7.94006751913968,0.0081140129715419,-0.000667364564998746
"BSX",-1.71278510427157e-06,4.63379164353424e-07,-0.000620932826580216,0.013492182545317,-0.0460216739948969,0.095366612724662,0.483146884334037,0.0572042177543185,-0.0582322167305778,0.26552506816453,24.1292259260593,0.00699885080853107,-0.00651230519724031
"C",2.20910419513868e-06,4.04669315276879e-07,-0.000894426584519235,0.0143225485130285,-0.0624488430746537,0.217147211125163,0.697803888162591,0.513065259142043,-0.00902685325614501,0.251914971854134,14.5207197411028,0.026321298710644,-0.000420628172291205
"CAT",1.03123506396952e-07,3.52077208469768e-07,-0.00130464655826525,0.0149110275039462,-0.0874954162561891,0.271605524851827,0.647641006868426,0.253399894556474,-0.0801461980331102,0.151405644721259,6.47579125986473,0.00621917996994806,-0.00179452140639233
"CB",1.93423615862527e-07,6.28504307496862e-08,-0.000263045818118621,0.00964922182586558,-0.027260832310177,0.0907942572266248,0.539414139135848,0.184159713369632,-0.0643102952235107,0.0650537625549108,6.93252430872356,0.00581184332072875,-0.00185078850924521
"CBS",6.63938946958386e-07,1.57496137096409e-07,0.000167960412275492,0.0140343712086137,0.0119677903469167,0.0906370565821493,0.36600632410416,0.0932163506530468,0.0775925005582394,0.104190325934476,7.54684147697653,0.00470621163774537,0.00358264356226626
"CCI",6.42200281602255e-07,8.84637130840378e-08,-0.000536445016795989,0.0110619651859178,-0.0484945493662284,0.0888668820982183,0.256227694699046,-0.223224980941558,-0.0957820049340718,0.0777401099339523,4.0205578140441,-0.00859581458749195,-0.00336551384862486
"CCL",2.06685837600553e-06,1.93065662449669e-07,-0.000437633790094245,0.0129244051941892,-0.0338610391363315,-0.0372690723684753,0.477023864501223,0.209852055162345,-0.00427264057382077,-0.048426799031932,11.1181446926412,0.0119749380894986,-0.000222995342132802
"CELG",1.82718590193673e-05,3.89766997260437e-06,0.000504918852750988,0.0189469764494425,0.0266490463055305,0.04738033161319,0.34698078141375,0.127789470417544,0.0534119949132813,0.0213517527499286,2.80395922037076,0.00253681931881587,0.000966705062247324
"CERN",1.80950686458374e-06,4.38609625549916e-07,-2.22447596158503e-05,0.0145991515131952,-0.00152370222308774,0.0877073984459097,0.435518160562481,0.0695262868901738,-0.0728390739090042,0.0924893912874331,8.23790911278261,0.00323455560005982,-0.00308519315034352
"CFG",5.48023570788471e-06,7.67571138355798e-07,-0.00124815364955626,0.0175642384080357,-0.0710622129215254,0.138384920739801,0.591852296180638,0.536473095988369,0.0103204687975032,0.228686362919941,17.543646585343,0.0389876460699752,0.00068503565178605
"CHTR",-2.49531540077627e-06,6.91912820545681e-07,-0.000704731616385221,0.0166917696579209,-0.0422203056253413,0.03169603390619,0.291351427792206,0.0436520462849103,0.00612008316145303,0.00578782234011156,0.954294574536394,0.00035143675110312,4.48879574107198e-05
"CI",5.14668344092503e-06,7.99718283027976e-07,-0.000267163346121749,0.0149603644060689,-0.0178580774418416,0.111855202114477,0.390038122820547,0.138466510234817,-0.0158918518836391,0.0436145936534636,2.72795835639537,0.00237819527346078,-0.000248892840144044
"CL",4.22081027114295e-07,8.76069676575998e-08,2.43223996251056e-05,0.00968974943531197,0.00251011646766308,0.04377720882983,0.321863769647899,-0.0917469365127741,0.0012082543635178,0.0599892837415097,7.9113889584798,-0.00553844248100612,6.65037648399511e-05
"CMCSA",1.95899385194252e-06,2.03878627797868e-07,-0.000113776902554125,0.01220827841768,-0.00931965168728077,0.0323409980175435,0.45883894454813,0.123437041685685,0.000935088725339503,0.0666030746851445,16.944625296507,0.011162841870839,7.73416511511802e-05
"CME",-2.90590819655254e-09,9.23551923069825e-08,-0.00105111135957349,0.0110101740574471,-0.0954672790901557,0.0400435039921781,0.521897134292581,0.35055114627643,-0.0399424465084278,0.027230087851532,6.36585755456006,0.010539255817914,-0.00109097269870158
"CMG",1.12424652449233e-05,3.47071746104423e-06,0.000966770402935194,0.0219319200274635,0.0440805183369531,0.123065767933645,0.216386622708737,0.138251633186193,0.0297029966048602,0.0147320317403551,0.464633825564066,0.000729760287849328,0.000142819627672527
"CMI",2.40775177907078e-06,3.42844481484309e-07,-0.000723696567583118,0.0141046941083222,-0.0513089161682787,0.248069240026006,0.539410941698806,0.267991112771478,-0.100519348024811,0.118106655792142,4.60655481199799,0.00561189196063113,-0.00192226549609409
"COF",9.58151447904435e-07,3.53494676800802e-07,-0.000509408974676409,0.015048715305735,-0.0338506619553281,0.179304468700167,0.628755688480904,0.444871129373418,0.0184866256493901,0.138102730513484,8.68656580970736,0.0149906943278149,0.000571914424298386
"COP",-2.80429606362205e-06,5.23885778078824e-07,-0.00071444003215426,0.0178464935231289,-0.0400325156999807,0.649218177973634,0.438965212145533,0.303731438681536,0.00986722579422641,0.733762283635932,8.89917715062706,0.0151234493425329,0.000447942253707353
"COST",1.6182749079931e-06,2.00654579656949e-07,-0.000258618604519575,0.0118605149785078,-0.0218050063583422,0.0649356510094574,0.420371728018248,0.0680695937353479,-0.0764955114579317,0.0309756111938003,3.59584548924648,0.00142757714477085,-0.00146552218226608
"CRM",1.64044502133923e-06,2.44969539647895e-07,-0.00072262744650642,0.0137110432274475,-0.0527040455287766,0.0495086648356579,0.530685421057031,0.149696042444289,-0.0731582929967165,0.0391666293761833,7.53055831548051,0.00531308433512629,-0.00232466725772891
"CSCO",1.48470379440387e-06,1.82583469803806e-07,-0.000854481441437581,0.0114233656490847,-0.0748011984984521,0.107388472489854,0.704326062498385,0.171722905620449,-0.0309852077961118,0.2604831199267,30.6443711818657,0.0183336513689012,-0.00301882949237098
"CSRA",-2.38007585043516e-05,6.75190483230433e-06,-0.000693170709128138,0.0185470041031849,-0.0373737292164133,-0.0107583430557955,0.31651358812387,0.19583565667306,0.0271060425051859,-0.0165383441234828,8.72758384851953,0.0132003248222381,0.00167368992468762
"CSX",-1.13779724714748e-05,2.83968881212712e-06,-0.00141964666305692,0.0175766993028324,-0.0807686721265212,0.147757990535149,0.456390098566137,0.206414066482124,-0.0242111184521252,0.174233552516794,9.65321689445781,0.010717003881641,-0.00114672140473107
"CTL",6.60010325019732e-06,2.00972119750891e-06,0.0013509366475928,0.0215143792137201,0.0627922671703807,0.167614550877093,0.362299738214616,0.0863768848393393,0.033480722268237,0.342698813930846,13.2869083354201,0.00777283059822585,0.00274952677419514
"CTSH",7.53941412249367e-06,1.34728715585903e-06,-0.000386679562877152,0.0145284391768204,-0.0266153547652996,0.0979539977416004,0.478816866030868,0.162717204984933,0.0391834432214329,0.107478628636525,9.42376452932176,0.00786071423852771,0.00172689049448911
"CVS",6.10484789515391e-06,8.20446873265853e-07,0.00112611335762695,0.0146735723694147,0.0767443216468673,0.0377738571326861,0.320699192347279,0.0853671937097689,-0.0500719404996876,0.0310719145506956,4.73183488446775,0.00310604469227718,-0.00165437269705394
"CVX",7.06700618819144e-07,9.29888069704039e-08,-0.000454996699717692,0.010915371137953,-0.04168403382416,0.454181685514394,0.592884843822654,0.164257127701754,-0.0451024741940609,0.358388821452689,8.39170524035869,0.0057105755793073,-0.00142951084738677
"CXO",1.08789306548419e-06,8.950340703628e-07,-0.000705302246955022,0.0187686835108695,-0.0375786744204281,0.594396151716308,0.394862378239842,0.203953367578591,-0.0302643927762747,0.227549100747005,2.7114395495572,0.0034491350965652,-0.000465364607111506
"D",9.3739400864615e-07,6.45102038889538e-08,0.000103030530908066,0.00971206819974339,0.010608505705385,-0.018620667376175,0.194028608094561,-0.334952417965656,-0.122454362467226,-0.0244593230515063,4.57161863139853,-0.0193869005942687,-0.00646079116719445
"DAL",3.02229773331494e-06,5.39089932828126e-07,-0.000194755712502336,0.0172943997652208,-0.0112612010330646,0.0469064423829302,0.513598755134137,0.243642450913519,0.0570801905912212,0.055534365512725,10.9070754307337,0.0127152968537112,0.00271441961462645
"DE",-4.3288336316828e-06,7.65785713308058e-07,-0.00134331652943522,0.0143636249566709,-0.0935221111305431,0.197025627785457,0.585115271222435,0.211017308411027,-0.041825632589874,0.109151495800602,5.81438037480651,0.00514739430760689,-0.000930704343902803
"DG",2.00908306396612e-05,4.42036406692224e-06,-7.76608148820212e-06,0.0174891366169233,-0.000444051736704218,-0.047478118793257,0.301742940422305,0.00824920708359381,-0.00577845600616842,-0.032202207529626,3.67099924269072,0.00024658976504297,-0.000157422282148069
"DHR",1.84658602513814e-07,7.22399893859346e-08,-0.000562171727261762,0.00958029087380103,-0.0586800270124489,0.0603252436411817,0.597714683382002,0.122697485220711,-0.099815570763059,0.0678867107016934,12.0652032271325,0.00610074969456026,-0.00451176247075208
"DIS",4.65643458081473e-07,7.21212599296444e-08,1.21106892007121e-07,0.0100752665972394,1.20202171166671e-05,0.103129613417556,0.493313565773628,0.185152393489181,0.110342842170501,0.092575991882759,7.94315573527314,0.00730687502720543,0.00397851867887306
"DOV",1.65209206096989e-06,2.9392546880668e-07,-0.000822789460909383,0.0140654030394369,-0.0584973966691482,0.369218032979106,0.6059490200966,0.29582272460632,-0.0275081233537528,0.30923360662536,9.10321717797269,0.0109260983875142,-0.000925394674211858
"DUK",3.38898565260567e-07,2.93588286600333e-08,1.40620170573114e-05,0.00898257052432095,0.00156547805767152,-0.036877225086415,0.169100000597157,-0.390058719166037,-0.0603188419713669,-0.0493842482924996,4.06189654157321,-0.0230292678452087,-0.00324448267680196
"DVN",1.79726272887863e-06,2.21141902976211e-06,-7.04525626872706e-05,0.0245104536003231,-0.00287438836653525,0.637519930788805,0.38103276373848,0.200751682341748,-0.0296374254833666,0.64115351482949,6.87362154425944,0.00891984272431732,-0.00119721179515837
"DWDP",3.33152917470664e-07,2.19024075382469e-07,0.000496262245984904,0.0148610575254646,0.0333934678023118,0.125050635166016,0.744471515036974,0.251748116447654,-0.0949598305571541,0.0961139920338012,17.2624407728847,0.00827159838783675,-0.00351723690691943
"EA",-4.5884574511264e-06,9.64664325024158e-07,-0.0010652439386734,0.0162815251428666,-0.0654265450764671,0.0161480226673448,0.418271730427361,0.0940116532430414,-0.0549521294712333,0.00944178946895438,4.38680682123193,0.00242101026564314,-0.00129057051789174
"EBAY",-9.16011912042473e-08,1.25592217710521e-06,-0.000913170857553157,0.0161753585165971,-0.0564544431343625,0.148316903363497,0.430914973060495,0.117570379158528,0.00718005626696872,0.250965413437233,13.0788585875519,0.00878834262024776,0.000487992697383168
"ECL",4.07576975580021e-07,3.0718282994879e-08,-0.000368112841899693,0.00819923914334954,-0.0448959757684677,0.188892783907556,0.624251526458888,0.187377862619418,-0.00783127588246136,0.173026878694574,10.2568228363888,0.00754358539489864,-0.000288132986652076
"EL",-9.13474126837303e-07,2.41183566503764e-07,-0.000833720732063528,0.0115067815449549,-0.0724547284404709,0.13543138333046,0.434243775263822,0.0802214057861468,0.00635956114689366,0.106463365784461,6.1230740868764,0.00277586876440312,0.000200803036623482
"EMR",6.57750758803809e-07,1.3615199317153e-07,-0.000451563184185927,0.0128179862426659,-0.0352288710283411,0.273992233342898,0.631813378674689,0.271999281107419,-0.0407180340854679,0.342002325216041,14.1460327520268,0.0149005820732705,-0.0020414552253548
"EOG",-2.34429972519648e-06,4.52242936342454e-07,-0.000673885988703191,0.0161777716148285,-0.0416550563790572,0.622476313605716,0.421940251258922,0.206696581712011,-0.0380099641549829,0.384447770732887,4.67434226038541,0.0056311716595589,-0.000942918654368858
"EQIX",1.66078360213907e-06,1.74804715206308e-07,-0.000413487778562093,0.0127236989624775,-0.0324974506062646,0.0465596140698786,0.301453723542713,-0.127453239283974,-0.0517358315083062,0.00859584274201822,0.99828553299549,-0.00104023010607271,-0.000383647855095492
"ESRX",3.59575243265814e-06,8.10751705467308e-07,8.51572435461762e-05,0.0156609232791389,0.00543756214294274,0.0992107163759376,0.384584419773888,0.115966877454231,-0.0395265744624213,0.0858437231587088,5.96893268192232,0.00440894094235762,-0.00137373002035801
"ETN",1.63287804980307e-06,2.18037017037426e-07,-0.000487852195506786,0.0128156541450499,-0.0380668977162761,0.278303326769025,0.646440262995443,0.305562956789841,-0.0531027762975007,0.297037352941645,12.3758803362141,0.0143310470995541,-0.00227652354621373
"EW",1.37528696799642e-05,5.26130592476803e-06,-0.000679432683402529,0.019173744143299,-0.0354355768140352,0.0509213284800782,0.358385963012533,0.0565899585467777,-0.034703418571247,0.0239182558899765,3.01950538666373,0.00116726288219255,-0.000654733092282842
"EXC",4.48136942504615e-07,7.89398695426326e-08,-0.000201580997812175,0.0112477503315325,-0.0179218947674409,0.128299897017915,0.273026542754686,-0.229797732746891,-0.0732876130516587,0.308044913544957,11.7583840006791,-0.0243727611396508,-0.00706773996370375
"EXPE",2.76252204801908e-05,5.36447740707247e-06,0.000191159069975958,0.0190391349307075,0.010040323295763,0.111668362687503,0.298393280421832,0.105744768474978,-0.00133398285617594,0.0457945912101229,2.19496759047825,0.00190583635369147,-2.19733633644877e-05
"F",3.45851030123975e-06,3.73835719124441e-07,0.00030258806260112,0.0141596123936672,0.0213697984230452,0.214825478244593,0.515349418028558,0.268059489503756,0.0110672008112671,1.21710300772033,52.3719052279541,0.0670760613638444,0.0025184978802785
"FAST",1.8903307801488e-06,3.59707483627071e-07,-0.000145955570962392,0.0146604984906751,-0.00995570314714931,0.125445403367212,0.45227599769565,0.240913723722341,-0.0445664158252022,0.173908184006421,11.2466671739469,0.0146945970618878,-0.00248161969416154
"FB",1.84776856583877e-06,2.50092235130228e-07,-0.000452967298042152,0.0134696811578571,-0.0336286577784306,0.106722248008773,0.51892141110705,0.0523443534054842,0.00888944927709968,0.0493291445167445,4.30234511420872,0.00106226083835059,0.000165038674317515
"FCX",4.26921336339299e-06,4.68574004724168e-06,-0.000627638012379373,0.0311908122258983,-0.0201225286418875,0.327987567530721,0.411465008116523,0.174617291051874,-0.0604066501523362,0.73740035911805,16.5933435739815,0.0172841187442625,-0.00545497753715042
"FDX",6.40802954523065e-07,1.49600840699431e-07,-0.000676800805196534,0.012056879792603,-0.0561339929433283,0.120052097158241,0.619475507536116,0.252427244369136,-0.0661145942837231,0.0456167830579888,4.2221540916317,0.00422158496301917,-0.00100905419539544
"FE",1.34146907275091e-06,5.34432659728166e-07,-3.70188005989759e-06,0.0134975122918528,-0.000274263877657816,0.0663359303082596,0.21530694633603,-0.210925056657104,-0.0962344307492951,0.148189343829479,8.62742569058556,-0.020792690618406,-0.0086349710066847
"FOX",-4.26054560949179e-09,4.4084165147124e-07,-0.000350505951489721,0.0154701993871204,-0.0226568477056303,0.113623340427544,0.450584287900954,0.152550178808008,0.131947263340166,0.233862728813309,16.6350663909579,0.0138469455524243,0.0109082755050053
"FOXA",9.66555737074852e-08,5.39471499558125e-07,-0.000404339752375507,0.0157918725095789,-0.0256042943691601,0.0969455848826681,0.412763085097813,0.155262419320789,0.140582045092809,0.193891063074345,14.8076329797986,0.0136815733363248,0.011293325993146
"GD",-9.37900076786301e-08,9.38746524476918e-08,-0.0010380554153132,0.0105958662824406,-0.0979679610560454,0.0864045151724643,0.54301755298411,0.193517335486854,-0.0151700611762399,0.0404733909646369,4.56249139006591,0.00398474264019449,-0.000285418906454173
"GE",2.74508781042565e-06,2.63425918293987e-07,0.00172500045542268,0.0133221898008225,0.129483251718586,0.166177775334686,0.459358269058433,0.19416878291666,0.033317307032827,0.521903991982317,25.8776152662761,0.0268425333822301,0.00420290738725491
"GGP",-4.99968194455468e-06,1.14361147803274e-06,0.000786721005972225,0.0161417502814479,0.0487382713928132,0.0192210666861578,0.288171194238749,-0.107891344633732,0.0325604700416772,0.047879639296144,12.8759412316205,-0.0118271455499329,0.00325781412044874
"GILD",3.74144975322436e-06,7.0784998912027e-07,0.000518721330108596,0.0155452574176617,0.0333684619155456,0.0473248476921603,0.424115097515065,0.178483541533219,0.0137291993088422,0.0366328355476458,5.88870880365238,0.00608952597973158,0.000426863255583509
"GIS",2.57196110750895e-06,2.81024204813767e-07,0.000683408823272102,0.0122379960656197,0.0558431968442944,-0.0449979975510101,0.362372393786175,-0.020756798780333,-0.0737875718182119,-0.0608606965514645,8.79131559213205,-0.00124128491945505,-0.00400856749846305
"GM",3.78495777134349e-07,2.51693187952231e-07,-0.000290887520191749,0.0150677780461883,-0.019305269781654,0.164082353561926,0.534020595051003,0.258254438670034,-0.0118819387205664,0.286936768930274,16.7508699982195,0.0200027960867036,-0.000834591363279482
"GOOG",1.53797536348629e-06,1.30831678168034e-07,-0.00051734616706786,0.0118339704780012,-0.043717040534247,0.0786338609145658,0.677177454772183,0.0499833476583955,-0.0456382376968671,0.00682284083597966,1.05393339510749,0.000190456896138268,-0.000159054791687502
"GOOGL",1.70494638006604e-06,1.40097488658088e-07,-0.000468479863644843,0.0118757296746419,-0.0394485119213501,0.0673523695317741,0.672252085605938,0.0517498876826542,-0.0500458226461538,0.00575651545703871,1.03060913858172,0.000194341467298888,-0.000171805427497872
"GRUB",-3.7578386803891e-05,1.08678893429408e-05,-0.00250896070113146,0.0260486143770827,-0.0963183939387895,0.0319599082774244,0.166510000070852,0.044739411933785,-0.0614241349618378,0.0209054283464529,1.95365962939757,0.00129091897472157,-0.00161381908247108
"GS",1.41405350353115e-06,2.51507957449196e-07,-0.000810246363786358,0.0145129104030611,-0.0558293506459918,0.203658109342195,0.66205319604345,0.488712426926405,0.0140567679642657,0.0618161246309345,3.60452455670142,0.00650975204148956,0.00017137512882446
"HAL",-1.45375412606634e-06,4.79907215252779e-07,-0.000490813648670548,0.0170623157811722,-0.0287659456644302,0.602294759157656,0.458105005403139,0.175512934856412,-0.0385254289059374,0.714747672768234,9.75132739385353,0.00918780433216293,-0.00183634128971759
"HCA",3.02451655437743e-06,5.90066465762707e-07,-0.000310832637306015,0.0145107682531933,-0.0214208256849262,0.0967174465290909,0.390596253462152,0.0332925764689937,-0.0409001859166838,0.0764294357761405,5.53654634649916,0.00116878169404089,-0.00129820526087805
"HD",9.90464044160052e-07,8.84034607573672e-08,-0.000532473166536933,0.0103279064007302,-0.0515567382077829,0.0884975845198551,0.657711196048874,0.129362984074641,-0.0246511707935411,0.0512617711251076,6.83364572386676,0.00329870978105224,-0.000573537728482744
"HON",1.40957391767609e-06,1.21832225399141e-07,-0.000507893192519298,0.00916474052722322,-0.0554181747983631,0.150699158212459,0.711281494344557,0.194762359849334,-0.110851175778516,0.120003846679339,10.1597000366644,0.00682507204980743,-0.00354557679288843
"HPE",0.000121954006394747,3.96582629435024e-05,0.000354471940694929,0.0258465946381191,0.0137144542891599,0.14990514974431,0.34999478283267,0.159186140921996,-0.155949981625331,0.314946523713729,13.1897593598034,0.0147312218276068,-0.0131603623049064
"HPQ",1.44400699859943e-06,4.69536504287017e-07,-0.00112320732145606,0.0157417987849277,-0.0713519043663227,0.166708111435483,0.600639040287155,0.148400331796004,-0.0559777822691708,0.582068735921743,37.6171711890951,0.0227515209090912,-0.0078504667981649
"HRS",4.66418891286774e-07,1.052622876655e-07,-0.0014545286192326,0.0106086825172843,-0.137107375667318,0.0556916539394632,0.501887223117634,0.201065299862347,-0.10147743159178,0.0424494964747525,6.86188763306796,0.00673489363530299,-0.00310680607040419
"HUM",1.57333743594886e-06,4.77107613443634e-07,-0.000658521288257657,0.0144604954163744,-0.0455393310738148,0.118856080106124,0.353799046155717,0.154980124982142,-0.0844715237059797,0.0374667924401247,2.00049193138783,0.00214997152929984,-0.00106954162314318
"IBM",4.08509885935288e-07,2.0631783309126e-07,-5.96632603758758e-05,0.0112301215403352,-0.00531278848243835,0.169495792281774,0.555880900396718,0.171800736122357,-0.0241482954205418,0.0926831647133456,5.45228715270131,0.00414847319687437,-0.000530384305607897
"ICE",-4.08318619485394e-07,1.5229502337896e-07,-0.000821376426054924,0.0115279946260572,-0.0712505906446495,0.0904071535679636,0.543980889109581,0.292435211015674,-0.0449446558184398,0.120192047720442,13.0617612102786,0.0169995158038301,-0.00239423339199021
"INTC",-1.30279531148686e-06,3.64644043457496e-07,-0.000937552213588813,0.0135769556924605,-0.0690546713730126,0.0683442506349126,0.551079648692695,0.123439038363324,-0.0188101080756058,0.114690669084628,16.5833134584621,0.00911493768964094,-0.00126776030466576
"INTU",-1.09146098358361e-06,1.87002144407033e-07,-0.000982743224018386,0.011430582646102,-0.0859749021064571,0.0307805924014628,0.575193873362077,0.121513371155228,-0.0453606022019289,0.0187653700230275,6.28998261339736,0.00327120207881742,-0.0011107625303052
"ISRG",1.05457293245503e-06,2.53642516459374e-07,-0.0013034753130818,0.0133695754421366,-0.0974956399119197,0.0570126994905829,0.500014250241831,0.0499353649570711,-0.100347226668566,0.0124364451223771,1.95641989119599,0.000480369539405786,-0.00087920931021053
"ITW",1.16861518044156e-06,8.71112915438421e-08,-0.000828335269744739,0.0102268219252336,-0.0809963521219541,0.109792350010285,0.750596963216746,0.265434089348486,-0.0747961297348379,0.0730448439888912,8.95734543703596,0.00776662847070204,-0.00199875177447818
"JNJ",7.13328144035451e-07,5.5464266363207e-08,-0.000360320179417975,0.00876697742178686,-0.0410997042746501,0.00565151452538166,0.527454707877629,0.0643623615895881,-0.0280949441935659,0.00474086113465661,7.93656530985408,0.00237315596704288,-0.000946635552846251
"JPM",9.68881216252293e-07,1.76543549575678e-07,-0.00120071533299667,0.0121569713163503,-0.0987676372470989,0.196777920631632,0.721213009677431,0.511668286426909,0.000110435625563421,0.177441960368238,11.6653707742399,0.0203248415650276,3.99992093222963e-06
"KEY",2.98270291401866e-06,4.64040631511846e-07,-0.0010774680453193,0.0162243371847543,-0.0664106048246939,0.152879227421664,0.596636806681516,0.530856051694663,-0.00588043544313449,0.547990370080518,38.3609650202053,0.0832121091002466,-0.000846634935012452
"KHC",-1.1686838099135e-06,2.56887144955047e-07,0.000515573008056875,0.0116441319885819,0.0442774960437102,0.0465235069485277,0.397000379425501,-0.0512437009894954,-0.0311196474830853,0.0449907320271605,6.88646860372682,-0.00218959202905224,-0.00120878074911886
"KMB",3.7560360177846e-07,5.48255843360177e-08,0.000433840292184412,0.0100152903099419,0.0433177949673362,0.035270838479414,0.373929573538664,-0.053032112167793,-0.0315838594018958,0.0275033448983098,5.23015524566125,-0.00181799985295931,-0.000989229774884032
"KMI",-1.84926573469658e-07,2.31229240423771e-07,0.000307219170591387,0.0155236471694332,0.0197903989467318,0.36697824632148,0.478352600728893,0.169607933588185,-0.0703703253829399,1.15019255594545,26.892638008683,0.0234628978239931,-0.00885894574260128
"KMX",1.37940238593679e-06,5.85290356668161e-07,-0.000132573401343856,0.0176675315571448,-0.0075037874371444,0.158435013436555,0.451479985746628,0.20062222012502,-0.0231411599731774,0.140781768101042,7.195960784365,0.00779206467543977,-0.000825928830100984
"KO",7.06836237614741e-07,3.69667122676548e-08,0.000107973837182602,0.00788674215791403,0.0136905499153735,0.0475414792940291,0.4686155912772,-0.0834928135351351,-0.0297774499416742,0.130861108548368,23.1371399118286,-0.0101198364330254,-0.00329221097439132
"KSS",2.48898244088058e-05,8.23349825915263e-06,-0.000502613382112786,0.02505075020973,-0.0200638055908427,0.0962239322725125,0.348133490234524,0.212452261707225,-0.00393432107215845,0.0817372469667841,5.30441805167109,0.0079295120000034,-0.00013423598541294
"LB",3.81368439440953e-05,7.44633358535191e-06,0.00187333056670505,0.025719115745301,0.0728380627567772,-0.00340005512153208,0.288297456352048,0.159330029727266,-0.0654445231345894,-0.00235356680412441,3.57961581108613,0.00485476961008548,-0.00181960084873395
"LLY",3.40737983682859e-06,4.96693155697123e-07,-6.20801556583165e-05,0.0124429712392132,-0.00498917456810275,0.0398504084942144,0.427468791743335,0.0360318402856828,0.045306978890226,0.0393374408556733,7.56890011546526,0.00156800640671772,0.00179639021388507
"LMT",-3.89780707290454e-07,1.03587133512134e-07,-0.000869711766305268,0.00966385597637363,-0.0899963501558338,-0.00502120056726314,0.440272276753786,0.159595858299397,-0.047579416277717,-0.00170778786780003,2.68597971979945,0.00237953291443009,-0.000649991557128381
"LOW",2.95458397376822e-07,3.75825268180711e-07,-0.000196877134926421,0.0142677365388061,-0.0137987643934233,0.0725241011335794,0.515931871650922,0.176976235510118,0.0264433021904097,0.0587202555696843,7.49295241331456,0.00630285274649033,0.000859970436229991
"LRCX",3.79681549260026e-06,7.47296283880319e-07,-0.00166005328335018,0.0187667522255801,-0.0884571428980365,0.0581400445174668,0.564454742458282,0.141101249312778,-0.0450719739246132,0.0183108328824609,3.18872377790065,0.00195735478061256,-0.000570166331518974
"LUV",5.12430333582357e-06,9.90907980338589e-07,-0.000361434722995422,0.0172877834456958,-0.0209069441510971,0.0598034758340096,0.416579726978897,0.173653436063766,0.0315988423496304,0.0658620824257913,8.22928679135429,0.00841645133404359,0.00139779169273083
"LVS",8.90954950417046e-06,1.46499489859138e-06,-0.000672740051138083,0.0166489300383628,-0.0404074045351829,0.0396583290254495,0.435743133476097,0.115228236201232,-0.0247601498637148,0.0399675905624794,7.87696912633747,0.00510380701165772,-0.00100228002749498
"LYB",7.68124612887867e-08,2.81659880337482e-07,-0.000376392874087928,0.0149372894156687,-0.0251982045479487,0.346668306928054,0.539190120306625,0.24761673300185,-0.0193627491485971,0.243252091702813,6.78639923277823,0.00766353327176154,-0.000545722316720811
"M",3.30658777618661e-05,9.17898498750231e-06,0.00106161361599262,0.0268155586487147,0.0395894648289756,0.0352603083496282,0.294793406682579,0.215819801898823,-0.0102593120421507,0.0439030978047967,6.58387929551655,0.0118216672781,-0.000513085273446599
"MA",1.06167359507337e-06,8.80242552494961e-08,-0.0011481097381479,0.0107882126631188,-0.106422609008524,0.107198344241191,0.700666950832969,0.139481206664481,-0.00316163415471259,0.072129254202586,8.51491185026178,0.00411352469395189,-8.5241378611841e-05
"MAR",1.03737809329096e-06,2.04480234999253e-07,-0.00137815625948855,0.0126776382741111,-0.108707649618216,0.0953485933983799,0.563478729730966,0.20042892516707,-0.0433666096974623,0.069824014162534,7.40155692993754,0.00645236791243193,-0.00127558159552296
"MCD",4.24480160871486e-07,7.61935522293818e-08,-0.000470504073967876,0.00946761084104312,-0.0496961780397848,0.0438207104531166,0.451395090249487,0.0594782388576021,0.00301392122131778,0.0301799832199747,5.57636824748614,0.00180695783544364,8.33745930495079e-05
"MCHP",4.12001112054789e-06,6.1055594385975e-07,-0.00129401758129231,0.0157312515162685,-0.0822577644222454,0.116297808087029,0.530639774109593,0.135787669734437,-0.0514438798253858,0.0919798564579003,7.52793797970726,0.00471752602935903,-0.00163424499722006
"MCK",5.060564213097e-05,1.52525394669974e-05,0.000435507273988057,0.0209114756935631,0.0208262334217816,0.113750888286174,0.355152263657655,0.159003633850522,-0.0052195689192715,0.0355708004041199,1.99208774148124,0.0021914928936466,-6.55595144499308e-05
"MDLZ",1.01537542445827e-07,2.00121468459688e-07,4.59232253468395e-05,0.0129243737053466,0.00355322636081326,0.107156765438645,0.47831890213224,0.0689562883904738,-0.00513723534259474,0.180462477635273,14.4490701122613,0.00513182910576165,-0.000347503379643395
"MDT",1.96539365747498e-06,2.22971647555817e-07,-7.68726705048855e-05,0.0110647441176614,-0.0069475326033236,0.0754880919347725,0.499931599137392,0.0707914078014972,-0.0598608695926506,0.0803857637183974,9.54918521867913,0.003314264118322,-0.0025603890826108
"MET",9.87909063277057e-06,1.3050065130157e-06,-1.70186062114272e-05,0.0169499239365539,-0.00100405206979868,0.192292918168517,0.51328231948486,0.522107538865082,0.041477267303165,0.231796235776192,11.098248086255,0.0277135812641078,0.00200823936370706
"MGM",4.00907180296708e-06,4.91731997360345e-07,-0.000820146671399347,0.0162745358357797,-0.0503944738992954,0.138339410421662,0.518776535597829,0.166900810417456,-0.0617918957073116,0.272115330223404,18.3038500197369,0.0144550748768061,-0.00488203466915836
"MHK",1.01439318272045e-06,2.07764397293013e-07,-0.000265988146585176,0.0121331765919972,-0.0219223831919348,0.0673671701308177,0.571877859568952,0.183172573147431,-0.0610659257807709,0.0236717434137856,3.60446039746336,0.00282824841472275,-0.000861872724488935
"MKC",6.00388842752766e-07,9.55688452125939e-08,-0.000138285284394889,0.0107905432245193,-0.0128154145271077,-0.0530166395606543,0.32204863332472,-0.0839508459985041,-0.12505396053715,-0.047009969967755,5.12217335361662,-0.00327992722599545,-0.00445386940720885
"MO",3.01459248130955e-06,3.02881068904167e-07,2.68390941797954e-05,0.01097128085045,0.00244630454234471,-0.0446352714360347,0.342740163826998,-0.0863267419964024,0.0136203299031252,-0.0582049401439524,8.01681204776934,-0.00492750071186823,0.000713397437194956
"MON",-8.67434890911328e-07,1.36636081391843e-07,-0.000609786042905378,0.00948057390289265,-0.0643195284537915,0.151676325388673,0.345646549637727,0.1508009552379,-0.0363952425250566,0.144774973439237,5.91783641987369,0.0063372831715382,-0.00139534809614697
"MPC",1.0295495856435e-06,6.1156934011318e-07,-0.00133514181206314,0.0180907260658806,-0.0738025553646095,0.285117118096889,0.52109279152214,0.212102957056733,0.0316262921423291,0.319768525547473,10.4829260516701,0.0104802629330603,0.00142469844813533
"MRK",-1.06342815306668e-06,3.08841486657051e-07,-2.20671926563639e-05,0.0117950533478797,-0.00187088536232273,0.0940063969648083,0.401033557700168,0.176271369598939,0.015492810761771,0.125621048978711,9.61259750499208,0.0104425402995574,0.000831567438354975
"MS",3.31531290989407e-06,6.12560603015078e-07,-0.0014165073882798,0.016008882654471,-0.0884825892507992,0.198735504396057,0.708237118624391,0.540847069471102,-0.0104118535469032,0.290362178269125,18.5608689211128,0.034737238852899,-0.00061101924072746
"MSFT",4.49067539398913e-07,2.44872915963252e-07,-0.000962693496333389,0.0122810289572847,-0.0783886675686363,0.093588232831463,0.679062726760059,0.0774515002537031,-0.0926545678210738,0.100767405137081,13.1148629433597,0.00367517651226665,-0.00400707908728004
"MSI",6.91677808018646e-08,1.35973822242133e-07,-0.000667197286291067,0.0112223526551794,-0.0594525325296331,0.029477927562867,0.475932424704525,0.213709737207668,-0.0486717431965539,0.0293628790183913,8.50358421678711,0.00936879172290091,-0.00194733576615218
"MU",7.22319377849249e-07,2.52252364617771e-06,-0.00276762990453737,0.0264468405229866,-0.10464879168201,0.0263926020757517,0.435537693632975,0.0973445655857734,-0.0430691970781106,0.0300985774361114,8.90931967064563,0.00486571820136269,-0.00197284418685822
"MXIM",-4.7567523374785e-07,6.33533879015898e-07,-0.000951789897758534,0.0149806564237181,-0.0635345922660381,0.0588775876466671,0.47554949733763,0.138571949368629,-0.0172648168879389,0.0743855025028883,10.7767809519591,0.00767998618979102,-0.000876117834879323
"NEE",6.62394336145904e-07,7.04380582978337e-08,-0.000667865586439262,0.00985961635243877,-0.0677374821256676,-0.0303034544533771,0.176397134814241,-0.361818328417608,-0.0565358248318856,-0.0217116208203534,2.26697467488572,-0.0114429802954099,-0.00162699452187333
"NEM",5.09874348610736e-06,1.52098323357667e-06,-0.00053903334149977,0.0221280946348218,-0.0243596816804788,0.14886008469351,0.108886063530687,-0.34595906741038,-0.0896128297844885,0.177358621107332,2.32702674257293,-0.0183352397257268,-0.00428851056850408
"NFLX",2.05259264085923e-06,4.34048911191188e-06,-0.00183576457455775,0.022665164676797,-0.0809949806558027,0.102061902618964,0.462226619000571,0.0638631076330154,0.0115644855041152,0.0253892951699709,2.06251431656616,0.00069857474878849,0.000115551490475113
"NKE",-7.62288367270734e-07,3.70576629278943e-07,-8.99862575062142e-05,0.0135614430368445,-0.00663544854789671,0.0594213246478917,0.433073680508131,0.149288204258478,-0.0580012660709579,0.0712217647213373,9.3108049139635,0.00788141562887253,-0.00279235175592573
"NLSN",1.96178674008185e-05,3.74715688830808e-06,0.0010451564202588,0.016360760959879,0.0638818953972742,0.140489981637085,0.380526361129131,0.0769858933633683,-0.0454218579123746,0.194795458035411,9.46396779470248,0.00468237737498644,-0.00252965104518256
"NOC",9.32652831363931e-09,6.67871049746113e-08,-0.00111293999344571,0.00973983917418483,-0.114266773151196,-0.0500217408675668,0.481767740181131,0.162230965864846,-0.106436322830599,-0.0172281522811398,2.97627221827986,0.00245515669548864,-0.00147242103462125
"NOW",2.77701587696752e-06,1.42196589970502e-06,-0.0017457024479418,0.0193383959100414,-0.0902713159903478,0.0944211245497815,0.47361564285497,0.135067551689007,-0.0447462691884186,0.0471601003946243,4.24313281093765,0.00297179620142977,-0.000897686376969918
"NRG",-1.56184036189497e-05,6.73251205157261e-06,-0.00140868544664706,0.0253230360722194,-0.0556286158827714,0.240534085932646,0.339104245577207,-0.0160367155485438,0.00616296149456434,0.497006983705029,12.5682301456498,-0.00146048644869327,0.000511490495476101
"NSC",-8.68962695566949e-07,3.07015928697876e-07,-0.000933668700674148,0.0141499324750789,-0.0659839686386165,0.201612390292596,0.619365854503101,0.291070059087317,-0.0452215163396639,0.119218802298123,6.56946238023709,0.00756355634199027,-0.00107407574102318
"NVDA",-2.47773722911845e-05,8.27224322692969e-06,-0.00332124601165097,0.0263693904881241,-0.125950806983831,0.0366998008003,0.467399335810589,0.12368137512896,-0.0304263511007833,0.00960291675339271,2.19372701237256,0.00144116807864503,-0.00031978020796051
"NWL",0.000128330234751578,4.50729408896022e-05,0.00144791138994269,0.0262574861876593,0.0551428030693658,0.0881816624070326,0.338715103366477,0.056996039993277,-0.0430912038725,0.0918013003765054,6.32499444613312,0.00260497807739458,-0.00180186159902808
"OKE",-4.28365366162928e-07,3.6467938616889e-07,-0.00142094615525691,0.01656401578508,-0.0857851244344275,0.52595770461392,0.433586299843763,0.104597361944621,-0.0729876930868622,0.627030358072034,9.27189132879855,0.00549483921773128,-0.00349501975551902
"OMC",2.10123965847824e-06,1.88776756047813e-07,0.000279538331831221,0.0121381550479451,0.0230297216279623,0.0729003711728821,0.406191198809973,0.217253910647848,0.0355700135672491,0.0723253502748401,7.22846945430462,0.00945294795672901,0.0014174478452191
"ORCL",3.10848905575346e-06,5.16031543333072e-07,-0.000171297261390887,0.0126241868049064,-0.0135689739100116,0.0938276934653171,0.534193676619484,0.101539654672573,0.00678941149314899,0.152859985236365,15.6104905540743,0.00727791359790446,0.000444280401134332
"ORLY",2.54955488498613e-05,6.28553233072135e-06,0.000460759113235123,0.0182434969199355,0.0252560742744244,0.096418602564483,0.294930314008248,0.0255544901641641,-0.0239798316701872,0.0219654206503962,1.20518339710075,0.000256794076792656,-0.000219425488153574
"OSTK",-2.25499956807375e-05,2.41858619439118e-05,-0.00105583286386038,0.0401786827666361,-0.0262784340141965,0.0376484402281396,0.326538687953625,0.0631945320654217,0.00301260653226241,0.0183836941560724,2.86006218870077,0.00135956335575299,5.90867989609099e-05
"OXY",-4.37930764958292e-07,1.32259433147049e-07,1.42582334377341e-05,0.0126186051597141,0.00112993736290717,0.575573268437472,0.44381050473181,0.171661801474076,-0.0368317904730801,0.641425224111548,8.87151990842136,0.00846233437695114,-0.00164865772344168
"PANW",7.18728300623032e-05,2.40004628940426e-05,8.2906674012838e-05,0.0252355636741582,0.00328531096365944,0.0596763565507627,0.254517638484742,0.071001848066725,-0.0169287455934554,0.0166993355246483,1.27752618543297,0.000874715593801694,-0.000190275959294064
"PAYX",1.99223582327023e-07,8.31752069500418e-08,-0.000240241559468569,0.0105931016063037,-0.0226790574089846,-0.00953446389892988,0.540740022838727,0.129515767575883,-0.0988695211428986,-0.0141457056760918,14.3903676310545,0.00847206396601601,-0.00589186816793979
"PEP",3.58206718191002e-07,1.93572937272074e-08,-0.000129351686086372,0.00765148996150187,-0.0169054245300196,0.000375319129290597,0.414766477219779,-0.128181652414978,-0.079536125222896,0.00042576083264662,8.43963548435661,-0.0064065861134468,-0.00362402919020886
"PFE",-4.93034860058251e-07,1.11579759685386e-07,-0.000386839831916237,0.0101707283799212,-0.0380346242143213,0.0785388715992476,0.576679250322379,0.140457670840544,-0.0441578544392134,0.216223649480326,28.4778957678903,0.0169677223311179,-0.00488302278295525
"PG",2.8569054483551e-07,3.24535252968352e-08,6.70596560925828e-05,0.0082286523231377,0.00814953086595011,0.0402765817434654,0.431267689467832,-0.0468210174180217,0.0120160953222693,0.0543452273597944,10.4378430447512,-0.00277809596248213,0.00065123003317821
"PH",1.35133664528885e-06,2.03526603366319e-07,-0.000822383121576334,0.0130911679721459,-0.0628196905979756,0.217191430567672,0.688699096957373,0.320138290797482,-0.0562979368520853,0.104610028784355,5.94997559299425,0.0067882615569108,-0.00108914415822132
"PM",8.17930091878478e-07,7.41655992452896e-08,-1.8995611987502e-06,0.0105213045964774,-0.000180544264385824,0.0298085726727471,0.40365388545894,-0.120720541073621,-0.0164333022221183,0.0260092042193324,6.31756989898981,-0.00458835892609307,-0.000575934343921947
"PNC",1.43279496738942e-06,1.70069108483677e-07,-0.00110969254692575,0.01255679782016,-0.0883738483982061,0.147832452014609,0.66129316279593,0.544975910750318,-0.0135769720683275,0.0939078812286234,7.53496655768596,0.0152447462797231,-0.000346415596892508
"PPL",1.01295426984584e-06,6.8260539278596e-08,0.000554241392059639,0.0101416191922533,0.0546501876626363,0.0287852661648423,0.324648734767078,-0.193256758552469,-0.0838671719854615,0.0788190849960773,15.9451969907989,-0.0233079137015407,-0.0092239170609631
"PRU",2.79122738590534e-06,3.6185761710705e-07,-0.000665203914082089,0.0143498044899399,-0.046356305031782,0.185861660828469,0.659649827657261,0.54488155993622,0.0525850365278674,0.128607767678645,8.18739747518852,0.0166068510412106,0.00146151008812988
"PYPL",9.04267523754398e-07,5.36496219723482e-07,-0.00120614872874921,0.0153602921320344,-0.0785238144158564,0.0494469719210617,0.449735764714369,0.0422790516114285,-0.101189747323185,0.0515004397730311,8.40201973452017,0.00193603596819163,-0.004233211810713
"QCOM",5.09543095157985e-06,1.63016118712657e-06,-0.000131860117862369,0.0172687918209896,-0.00763574656694265,0.106932349248262,0.476866400929372,0.126359085847861,-0.0314486607876697,0.100365919706924,8.02610285822317,0.00520904372686737,-0.0011854932205638
"REGN",-4.19922061275973e-06,1.00103914155643e-06,0.000624527204250954,0.0203508615667117,0.0306879982551946,-0.0455617106868636,0.308038960394462,0.146100701577047,0.00121889426643742,-0.00517931831958799,0.62810646780114,0.000733326833133497,5.56545745024935e-06
"RF",4.41771691085141e-06,7.14865572897494e-07,-0.00160323545563683,0.0172758443306155,-0.0928021476088231,0.184659511136387,0.593930211688816,0.542483208081456,-0.0330606554801886,0.773641623156459,44.633258919636,0.0993211864303828,-0.00556342012242613
"RHT",8.63070730655528e-06,1.69918545543791e-06,-0.00131718058904436,0.015349372489151,-0.0858133184255805,0.0720766655504843,0.50040707565064,0.0982824102037483,-0.0718382828028816,0.0471235903903508,5.86843315898876,0.00282948037209821,-0.00188652202169057
"ROST",-1.51714710086055e-06,4.79822331798865e-07,-0.000472971999144003,0.0140619547886709,-0.0336348684270452,0.0847608396590914,0.378491251286984,0.0857298562249152,-0.0815167781700241,0.0855482894363653,6.85215155710702,0.00380543162419264,-0.00330464899501458
"RTN",-1.53175198750835e-07,8.45678859246204e-08,-0.00114114272544501,0.00970857870692608,-0.117539627569885,0.00677597698174269,0.470642830028423,0.150602361292145,-0.0616491946818266,0.0038973026500849,4.85555292938253,0.00381219644417995,-0.00142423570691706
"SBUX",2.49025799726948e-06,2.69879449589714e-07,0.000120104554204098,0.0110315867283307,0.0108873326350826,0.021883908937113,0.38518630103315,0.0713625966895857,-0.0203361729470431,0.0332446385882441,10.4959701106288,0.00476908432642023,-0.00124087545694631
"SCHW",7.44737010899565e-06,1.14272534337696e-06,-0.00107755621763946,0.0172542448020004,-0.0624516592876048,0.181329188566693,0.65591208207477,0.54430742215682,0.0396741737514887,0.261164792389445,16.9452342549359,0.0344235158629762,0.00229518159844754
"SJM",2.33948690866293e-06,6.19402253600923e-07,0.000165396833105405,0.0133645078285732,0.0123758267215638,0.00816068799487369,0.302136898925152,-0.0601767465950429,-0.0699152108197176,0.00461832340015194,3.06701831742827,-0.00150431931138717,-0.00158924732849994
"SLB",-7.75286485979658e-07,1.21853478372639e-07,0.000215520024320893,0.0131701720034686,0.0163642528179687,0.582878867061274,0.477275333754461,0.19558396181577,-0.0525766250664581,0.572001892953259,8.4012359338354,0.00846045094647757,-0.00207240252312794
"SO",1.90020927073096e-07,2.53312664102363e-08,0.000180119384684735,0.00908591467540023,0.0198240233503844,-0.0424421374652039,0.131784712218053,-0.359691427702868,-0.0758263912172155,-0.0921696325368856,5.13346583409115,-0.0344284783117304,-0.00661413792044623
"SPG",1.14830415251039e-06,1.01504080330954e-07,0.000599399228964977,0.0124138759373157,0.0482846156987281,0.00992604822467556,0.280528648001697,-0.151979459501092,-0.00601265070314954,0.0043763777887174,2.21855744322416,-0.00294770397805324,-0.000106479658674734
"SPGI",6.88637785629278e-07,2.15142834179168e-07,-0.00113196963738949,0.0119203063515181,-0.09496145518486,0.0820213902026211,0.732200368247825,0.203942937561418,-0.0710379388462952,0.0440183755860134,7.18147850347679,0.00487711934512599,-0.00157875948551644
"SPLK",-1.1605460320066e-06,2.29215022810159e-06,-0.00117740646841746,0.021328449256789,-0.0552035665716617,0.174219870155702,0.41154910288754,0.138895581045649,0.00587635756944978,0.113877951616398,4.82523706574992,0.00399488258185912,0.000154280993295841
"SRE",9.92784510134517e-07,7.6506857581861e-08,-0.000137100727277703,0.0104040704936298,-0.0131776046078933,0.0850970818566843,0.220907855439888,-0.272965119370934,-0.10323486369298,0.0726478689781057,3.38278507998135,-0.0102602152258122,-0.00353994774873991
"STT",2.37772057706536e-06,5.12083120409691e-07,-0.00098992035129166,0.0147664656925993,-0.0670384079643235,0.183157515461569,0.661094777929667,0.406708329666766,-0.0345226687456918,0.149168388080508,9.65763560090644,0.0145958592071893,-0.0011293242797946
"STX",7.79433694175873e-05,2.47081879410321e-05,-0.000854400728597773,0.0303657627177081,-0.0281369757295613,0.0790910000130247,0.363704984404713,0.0926766537320757,8.11383446385363e-05,0.0744521157159419,6.14121447427309,0.00383593573247693,3.06788002108002e-06
"STZ",1.40657532512933e-06,2.8709689651589e-07,-0.000671182738940453,0.0125255970121407,-0.0535848900687043,0.0663138315042444,0.36675496665815,-0.0847077584299349,-0.0453881675183172,0.0288668252202831,2.86368958543515,-0.00162375267703576,-0.000793596605397773
"SYY",-3.45020806187625e-07,2.55248950209005e-07,-0.0004788701471266,0.0110359537554909,-0.0433918225589104,0.0422389237488172,0.50711235893724,0.0472255518781519,0.00129115348192871,0.0674366534291179,14.5225338108271,0.00331955491588626,8.27986561696266e-05
"T",6.27083385522155e-07,1.02431508018233e-07,0.000112398090576993,0.0107781589525689,0.0104283200008109,0.0817840605554441,0.404877273590843,-0.0258104467212881,0.00984606926956133,0.190253421794164,16.89437935984,-0.00264360304764661,0.000920002367809616
"TGT",8.70850008935226e-06,1.49766115781192e-06,0.000425164608277124,0.0178351121151838,0.0238386282929595,0.0412071680436071,0.316965306501535,0.0863714776695354,-0.00020376729510959,0.0341569579836495,4.71273674714889,0.00315134276578623,-6.78427038696031e-06
"TJX",2.47028690096984e-07,1.22327545549189e-07,-1.90269052674979e-05,0.01156366163071,-0.00164540487910572,0.0465554360309427,0.39837063494167,0.126443711847469,-0.100664547746254,0.049994070831794,7.67344625159978,0.00597944885850874,-0.00434197082027856
"TMO",6.24367788974323e-07,1.49031644361969e-07,-0.000683528112208603,0.0118264396828801,-0.057796609168698,0.126599654799199,0.611884212059644,0.135741772838573,-0.116533745238955,0.0577054994086414,5.00275189407041,0.00271531074639573,-0.00213352943001564
"TROW",1.17374788408525e-06,1.99400412533869e-07,-0.000728398328645195,0.0130619851285754,-0.0557647494982744,0.199040697445978,0.678159859789222,0.328526675910784,-0.0879140944729173,0.173143956148313,10.5816298828815,0.0125693977164818,-0.00307175242600971
"TRV",1.26341816898106e-06,1.30367443616626e-07,-0.000306271587799394,0.0103153871695711,-0.029690750600506,0.0898477966697358,0.510841069880315,0.144340151785685,-0.0526025554400066,0.0669681875855108,6.79066747160529,0.00476150684559943,-0.00156807674441546
"TSLA",7.13534050738596e-06,1.39616115307911e-06,-7.20871415907525e-05,0.0225252371013028,-0.00320028336512308,0.0545414921478668,0.306474863302512,0.0253903588293786,-0.0525235931297148,0.00799508861947455,0.805835065799271,0.000165496068939156,-0.00030925230569978
"TTWO",2.10002675478426e-06,1.48048979465763e-06,-0.00170971418245049,0.0194319131669171,-0.08798486117987,-0.00448006000546956,0.430004124760426,0.0766624386896566,-0.0647124345223473,-0.00262198047721846,4.51412186483703,0.00196792277222598,-0.00152123256034411
"TWTR",5.48509119734802e-05,2.13368652030152e-05,-0.000576417571133263,0.0336542728663486,-0.0171276192304731,-0.0475134697752849,0.132154760654689,0.0497158552264796,0.000323175505594582,-0.0650612515399514,3.24596261704736,0.00300757151368681,1.77748667791443e-05
"TWX",5.36222744541225e-07,2.13110756612867e-07,-0.000521291955233563,0.0101805227393118,-0.0512048318718064,0.125071914235376,0.33580045542142,0.11552524032719,0.0164657754440567,0.134094978513827,6.45786607151521,0.00545584977405639,0.000709083137505959
"TXN",2.12314510351708e-06,3.48063768276828e-07,-0.00114657734911078,0.0131588259081164,-0.0871337121652754,0.112037887839362,0.61008866171716,0.136551407540789,-0.0335421801020854,0.0911269232080111,8.90081517687087,0.00487873683128203,-0.00109581018310118
"UAL",1.35471252078992e-05,2.50080164625376e-06,-0.000130179163821728,0.0220433303771518,-0.00590560326386346,0.0709444960723041,0.399705725283422,0.229030069388567,0.0284394868052639,0.0495205282738908,5.00451464873321,0.00705052732274052,0.000797352879850034
"ULTA",2.42844187031357e-07,9.96151112610928e-07,5.38721752220841e-05,0.0179959818692223,0.00299356687584906,0.0422969096307416,0.256753048805617,0.0554316144748761,-0.0348989262637954,0.00930305286871304,1.01294880395395,0.000535984871214926,-0.000308312524991956
"UNH",-2.35338221219294e-07,1.20609177811971e-07,-0.00102656816034239,0.0108848016239312,-0.0943120688653975,0.0806976384714309,0.578897547063531,0.140254650377907,-0.0665136420470219,0.0371869496469278,4.78504993554407,0.00284493250311567,-0.0012311265861258
"UNP",9.0135622316876e-07,2.08217830439438e-07,-0.00100322837248384,0.0132000389875744,-0.0760019249509948,0.199926148356374,0.59347144654424,0.278549426608525,-0.00935756146477209,0.129825716283168,6.91267265912436,0.00796809371389848,-0.000244070936601328
"UPS",1.48863454360857e-06,1.34051613690427e-07,1.73106945321368e-05,0.0103611257816185,0.0016707349082517,0.0819915778756039,0.494482150883036,0.162976897684792,-0.0288300314155247,0.0663967949007006,7.1826305123859,0.00582469518322301,-0.000937746038602635
"URI",-3.78496576540291e-06,1.94531673149338e-06,-0.00189915552504584,0.0218902308554955,-0.0867581314049531,0.263227761608611,0.545596051152497,0.303649196192189,-0.0514227725136627,0.103081132424575,3.83242569798445,0.00522509704839889,-0.000808844859552404
"USB",7.82256639512088e-07,8.21792950243278e-08,-0.000420368117742073,0.0106152138497224,-0.0396005321883426,0.200722099637719,0.675047531512379,0.521626282328457,-0.0314690237261097,0.366582614498683,22.1139366726173,0.0419127720581801,-0.00230845915160422
"UTX",8.60283475085177e-07,9.049457717045e-08,-0.000474145765410524,0.0100701420555413,-0.0470843174600118,0.109228361963156,0.620332939890771,0.175632463882509,-0.0889882932760987,0.0873790532499604,8.9012662569337,0.00618354952127859,-0.00285934818243556
"V",9.16356311639326e-07,8.3211092483964e-08,-0.000794638703446705,0.010686622084102,-0.0743582674855556,0.0919311205140969,0.724869312062379,0.140325640964059,-0.0220616283526675,0.0836936746374689,11.8370867833673,0.00562528134187271,-0.00080673314053616
"VLO",5.33378026716996e-07,2.14454891665295e-07,-0.000806984379649204,0.014399732268137,-0.0560416238734422,0.104229138198092,0.513554274491637,0.226881404437513,0.00514859735568858,0.103824346495656,9.17595854110065,0.00995473761422146,0.000205997163213834
"VMW",1.44918714542008e-05,4.28180196994133e-06,-0.00155385545072124,0.0189110309116543,-0.0821666178845731,0.108677651842778,0.41282685293675,0.0750790908545046,-0.0319700544846192,0.0510956841123695,3.48150437998546,0.00155369117069088,-0.000603739512255676
"VRTX",-1.93412630203439e-05,4.28035420575345e-06,-0.00113933193737703,0.0231082713786361,-0.0493040746626491,0.0919193475003143,0.457178222219716,0.0942058915799812,-0.0561554692790636,0.0314837698388872,2.80879708369612,0.00142402726219558,-0.000772563361509232
"VZ",9.96705412796707e-08,1.15071601224155e-07,0.000214584250372446,0.0108232617974636,0.0198262089920742,0.0440045185755603,0.425276826944993,-0.0570611721645855,0.00290255787064237,0.0773958721275954,13.4167484819722,-0.00441898845008571,0.000205051836306059
"WBA",1.28896732126179e-06,1.66630979685096e-07,0.000575405849946605,0.0128763331654405,0.0446870892942542,0.0701693152374823,0.443426792769156,0.116867682205352,-0.0196173129236783,0.0667603418677749,7.56742767832097,0.00486504785205321,-0.000749675096853484
"WDAY",8.11135401060942e-06,1.61768079202116e-06,-0.000765615475770523,0.0194528984898342,-0.0393573983933872,0.0864638086479605,0.461090669562551,0.119999028213032,-0.00500325395339006,0.0453659469483196,4.33947297254688,0.00277737254510194,-0.000105441218733733
"WDC",1.53186552695607e-05,3.0204458847647e-06,-0.00117052076614375,0.0240028409013652,-0.0487659261232356,0.0987656299122185,0.442386679888661,0.140920317626759,-0.0132193144463631,0.0579056771707918,4.65235004569085,0.00363539770527295,-0.000311305283184733
"WFC",1.44593162954444e-06,3.59377265404722e-07,-0.000121024493132419,0.013429224568472,-0.0090120239270218,0.133635992177371,0.631855909569571,0.459222556622349,-0.000578291963218359,0.176494578733552,14.9685941819323,0.0267080576580543,-3.06773142726045e-05
"WMB",1.28208777996395e-06,1.14936711491411e-06,-0.00090136634053058,0.0205224439915928,-0.0439210037995394,0.420867630148936,0.388113230262522,0.0959897609178916,-0.0939048181939807,0.76765799463395,12.698012058974,0.0077102204264231,-0.00687974561350922
"WMT",3.59400500078179e-07,6.94393584351375e-07,-0.000443220469384238,0.0126916615261884,-0.0349221785082814,0.0313325834805206,0.371776299714282,0.0316553269011822,-0.0164287765869312,0.0276608097299778,5.88715431046974,0.00121687483947494,-0.000582553959894401
"WYNN",6.79777211126005e-06,2.51391610168962e-06,-0.00106225916885331,0.023007258917585,-0.0461706095740682,0.0470292772188147,0.219161751285734,0.0990851854610424,0.0230146409044837,0.0152712964416307,1.27651934451956,0.0014164950003072,0.000300174680836789
"X",0.000105001714553192,4.47151573553273e-05,-0.000701428420772971,0.0394525993251341,-0.0177790166623093,0.115903156530323,0.361125177044063,0.15947919328034,-0.0310499776892426,0.103126463027447,5.76351810559118,0.00622222373155621,-0.00110968164522387
"XEL",6.88838057498463e-07,4.48175231429633e-08,-0.000196380788422217,0.00955999850565589,-0.02054192668608,-0.0711833866225638,0.167670075304093,-0.375927004752782,-0.0976168186356155,-0.165706333517376,7.00117698194086,-0.0385645648923858,-0.00912740586906071
"XL",-2.25594296622681e-05,5.85293767886671e-06,-0.000702784928449549,0.0176522297885821,-0.039812813274396,0.0348746693220239,0.200612069689987,0.134426536669943,-0.0134016367025751,0.0414264049842899,4.2744401609766,0.0070328438955089,-0.000639421507413993
"XLNX",2.15673809891612e-06,4.6073750365634e-07,-0.000794088497911488,0.014918955255632,-0.0532268167780524,0.0127583895636175,0.519601874877841,0.128743359095615,-0.0228329197172354,0.0131848492701781,9.63174674935646,0.00583288979116235,-0.000947770116916781
"XOM",7.6818412023816e-07,7.03996597911138e-08,0.000155466927913948,0.00948260351411725,0.0163949623837479,0.477000280872008,0.567147443080404,0.18004952047616,0.0246060740454877,0.571994336175026,12.1989965129318,0.00951924711118976,0.00118516187232983
"YUM",6.81813812546919e-08,8.61456103147386e-08,-0.000722006040298987,0.0100454887941073,-0.0718736594203873,0.0801550957982869,0.570830816522825,0.12463354769291,-0.0615915120075818,0.106731319594633,13.6339967793663,0.0073084545296332,-0.00329415369599413
"ZTS",-2.02754140482223e-07,1.18042901913596e-07,-0.00115630470008881,0.0114932676658456,-0.10060713225404,0.0886502294929773,0.543385304128353,0.0783910288586834,-0.0178248124154592,0.120015450970255,13.1953289363169,0.00468428726056654,-0.00096926943170814
